ticker,company,financial stability and liquidity,strong management team,competitive advantage,market potential,growth prospects,diversification within the company,sustainable business model,innovation and R&D,corporate governance,strong brand recognition
MMM,3M,85.0,90.0,85.0,80.0,75.0,95.0,85.0,80.0,90.0,95.0
AOS,A. O. Smith,80.0,90.0,85.0,75.0,80.0,70.0,85.0,75.0,85.0,95.0
ABT,Abbott,85.0,90.0,80.0,85.0,90.0,80.0,85.0,90.0,90.0,85.0
ABBV,AbbVie,85.0,75.0,90.0,80.0,85.0,90.0,75.0,80.0,80.0,85.0
ACN,Accenture,90.0,95.0,85.0,80.0,90.0,85.0,95.0,90.0,95.0,95.0
ATVI,Activision Blizzard,80.0,90.0,85.0,80.0,85.0,85.0,80.0,75.0,85.0,95.0
ADM,ADM Corporation,85.0,90.0,80.0,75.0,80.0,70.0,85.0,65.0,90.0,80.0
ADBE,Adobe Inc.,90.0,98.0,95.0,89.0,93.0,88.0,92.0,97.0,96.0,99.0
ADP,ADP Corp,80.0,90.0,85.0,75.0,80.0,75.0,90.0,70.0,85.0,90.0
AAP,Advance Auto Parts,85.0,90.0,80.0,75.0,70.0,80.0,85.0,70.0,90.0,85.0
AES,AES Corporation,80.0,90.0,75.0,80.0,75.0,70.0,85.0,70.0,80.0,75.0
AFL,Aflac,85.0,90.0,80.0,70.0,75.0,65.0,70.0,60.0,80.0,90.0
A,Agilent Technologies,80.0,90.0,85.0,85.0,85.0,70.0,90.0,95.0,90.0,85.0
APD,Air Products and Chemicals,90.0,95.0,90.0,85.0,85.0,90.0,90.0,85.0,90.0,90.0
AKAM,Akamai,85.0,90.0,95.0,85.0,90.0,80.0,90.0,95.0,90.0,95.0
ALK,Alaska Air Group,70.0,85.0,75.0,80.0,80.0,70.0,75.0,60.0,80.0,90.0
ALB,Albemarle Corporation,80.0,90.0,85.0,70.0,75.0,70.0,85.0,80.0,90.0,85.0
ARE,Alexandria Real Estate Equities,90.0,85.0,80.0,75.0,85.0,70.0,75.0,80.0,85.0,90.0
ALGN,Align Technology,85.0,95.0,90.0,85.0,90.0,80.0,90.0,95.0,85.0,90.0
ALLE,Allegion,85.0,90.0,80.0,85.0,80.0,75.0,80.0,75.0,90.0,85.0
LNT,Alliant Energy,90.0,85.0,80.0,70.0,75.0,80.0,85.0,75.0,90.0,90.0
ALL,Allstate Corporation,85.0,90.0,80.0,70.0,75.0,85.0,85.0,70.0,90.0,90.0
GOOGL,Alphabet Inc. (Class A),90.0,95.0,100.0,90.0,95.0,95.0,95.0,100.0,95.0,100.0
GOOG,Alphabet Inc. (Class C),80.0,90.0,95.0,85.0,90.0,85.0,80.0,95.0,90.0,100.0
MO,Altria,85.0,90.0,80.0,75.0,70.0,60.0,80.0,55.0,90.0,95.0
AMZN,Amazon,85.0,95.0,100.0,95.0,100.0,90.0,95.0,100.0,90.0,100.0
AMCR,Amcor,90.0,85.0,75.0,85.0,80.0,70.0,75.0,70.0,80.0,85.0
AMD,AMD,70.0,85.0,80.0,90.0,95.0,75.0,85.0,95.0,80.0,90.0
AEE,Ameren,85.0,80.0,75.0,70.0,65.0,80.0,75.0,60.0,90.0,85.0
AAL,American Airlines Group,60.0,75.0,50.0,75.0,65.0,40.0,55.0,30.0,65.0,80.0
AEP,American Electric Power,85.0,90.0,70.0,80.0,75.0,80.0,85.0,65.0,90.0,85.0
AXP,American Express,90.0,85.0,95.0,80.0,80.0,75.0,90.0,70.0,85.0,95.0
AIG,American International Group,90.0,85.0,75.0,80.0,70.0,75.0,80.0,65.0,90.0,85.0
AMT,American Tower,85.0,90.0,80.0,90.0,85.0,70.0,80.0,75.0,90.0,95.0
AWK,American Water Works,85.0,90.0,80.0,75.0,85.0,70.0,80.0,70.0,90.0,90.0
AMP,Ameriprise Financial,90.0,95.0,85.0,80.0,85.0,75.0,90.0,70.0,95.0,90.0
ABC,AmerisourceBergen,85.0,90.0,80.0,75.0,85.0,70.0,80.0,60.0,90.0,85.0
AME,Ametek,95.0,90.0,85.0,80.0,85.0,90.0,85.0,80.0,95.0,90.0
AMGN,Amgen Inc.,90.0,85.0,75.0,80.0,85.0,90.0,80.0,95.0,85.0,90.0
APH,Amphenol,85.0,90.0,95.0,85.0,90.0,80.0,85.0,90.0,90.0,95.0
ADI,Analog Devices,80.0,95.0,85.0,90.0,85.0,75.0,85.0,90.0,95.0,90.0
ANSS,Ansys,90.0,95.0,90.0,85.0,90.0,85.0,90.0,95.0,90.0,95.0
AON,Aon,85.0,90.0,80.0,75.0,85.0,75.0,80.0,70.0,90.0,85.0
APA,APA Corporation,75.0,85.0,80.0,70.0,75.0,70.0,75.0,65.0,80.0,70.0
AAPL,Apple Inc.,90.0,95.0,90.0,80.0,85.0,75.0,85.0,90.0,85.0,95.0
AMAT,Applied Materials,85.0,90.0,80.0,85.0,85.0,75.0,80.0,85.0,90.0,80.0
APTV,Aptiv,90.0,85.0,95.0,85.0,90.0,80.0,85.0,90.0,80.0,95.0
ACGL,Arch Capital Group,85.0,90.0,80.0,85.0,90.0,80.0,85.0,75.0,90.0,85.0
ANET,Arista Networks,85.0,90.0,95.0,90.0,90.0,80.0,85.0,95.0,90.0,85.0
AJG,Arthur J. Gallagher & Co.,85.0,90.0,80.0,75.0,85.0,80.0,85.0,70.0,90.0,85.0
AIZ,Assurant,85.0,90.0,80.0,75.0,85.0,75.0,80.0,70.0,90.0,85.0
T,AT&T,70.0,80.0,75.0,70.0,65.0,80.0,70.0,60.0,75.0,85.0
ATO,Atmos Energy,85.0,90.0,80.0,70.0,75.0,70.0,80.0,60.0,90.0,85.0
ADSK,Autodesk,80.0,90.0,85.0,90.0,85.0,75.0,80.0,95.0,85.0,90.0
AZO,AutoZone,90.0,95.0,85.0,80.0,75.0,70.0,90.0,60.0,90.0,95.0
AVB,AvalonBay Communities,85.0,90.0,80.0,85.0,90.0,70.0,85.0,65.0,95.0,90.0
AVY,Avery Dennison,85.0,80.0,90.0,75.0,80.0,85.0,75.0,90.0,85.0,90.0
BKR,Baker Hughes,80.0,90.0,70.0,80.0,80.0,70.0,80.0,70.0,90.0,80.0
BALL,Ball Corporation,85.0,90.0,80.0,75.0,85.0,80.0,90.0,75.0,85.0,90.0
BAC,Bank of America,85.0,80.0,75.0,70.0,80.0,85.0,85.0,60.0,80.0,90.0
BBWI,"Bath & Body Works, Inc.",85.0,95.0,90.0,80.0,85.0,75.0,80.0,70.0,90.0,95.0
BAX,Baxter International,85.0,90.0,80.0,70.0,75.0,85.0,90.0,80.0,90.0,85.0
BDX,Becton Dickinson,85.0,95.0,90.0,80.0,85.0,90.0,90.0,85.0,95.0,90.0
WRB,Berkley,90.0,85.0,80.0,75.0,70.0,85.0,90.0,75.0,85.0,80.0
BRK.B,Berkshire Hathaway,95.0,90.0,95.0,85.0,80.0,100.0,90.0,50.0,85.0,100.0
BBY,Best Buy,80.0,85.0,75.0,70.0,75.0,90.0,85.0,70.0,80.0,95.0
BIO,Bio-Rad,80.0,90.0,85.0,80.0,85.0,70.0,75.0,90.0,85.0,95.0
TECH,Bio-Techne,80.0,90.0,85.0,75.0,85.0,80.0,90.0,85.0,90.0,80.0
BIIB,Biogen,80.0,90.0,85.0,75.0,70.0,75.0,80.0,90.0,85.0,85.0
BLK,BlackRock,85.0,95.0,90.0,80.0,85.0,95.0,90.0,80.0,90.0,95.0
BK,BNY Mellon,85.0,90.0,80.0,75.0,70.0,85.0,80.0,75.0,90.0,85.0
BA,Boeing,70.0,80.0,75.0,85.0,70.0,60.0,65.0,80.0,75.0,90.0
BKNG,Booking Holdings,85.0,95.0,90.0,90.0,90.0,80.0,85.0,70.0,90.0,95.0
BWA,BorgWarner,80.0,85.0,90.0,80.0,85.0,75.0,85.0,90.0,80.0,85.0
BXP,Boston Properties,85.0,90.0,80.0,70.0,75.0,70.0,85.0,60.0,90.0,80.0
BSX,Boston Scientific,90.0,85.0,80.0,90.0,85.0,75.0,80.0,85.0,85.0,90.0
BMY,Bristol Myers Squibb,85.0,90.0,80.0,85.0,75.0,70.0,80.0,90.0,85.0,95.0
AVGO,Broadcom Inc.,85.0,90.0,92.0,88.0,92.0,85.0,90.0,93.0,88.0,94.0
BR,Broadridge Financial Solutions,90.0,85.0,80.0,75.0,85.0,75.0,85.0,70.0,90.0,85.0
BRO,Brown & Brown,85.0,90.0,80.0,85.0,90.0,85.0,85.0,75.0,90.0,85.0
BF.B,Brown-Forman Corporation,85.0,90.0,90.0,80.0,70.0,85.0,80.0,75.0,90.0,95.0
BG,Bunge Limited,80.0,75.0,70.0,75.0,80.0,65.0,70.0,60.0,75.0,80.0
CHRW,C.H. Robinson,85.0,90.0,80.0,75.0,80.0,70.0,75.0,65.0,85.0,90.0
CDNS,Cadence Design Systems,80.0,90.0,85.0,85.0,90.0,70.0,80.0,95.0,85.0,90.0
CZR,Caesars Entertainment,75.0,80.0,70.0,85.0,80.0,65.0,75.0,55.0,70.0,90.0
CPT,Camden Property Trust,85.0,95.0,80.0,75.0,85.0,90.0,90.0,70.0,90.0,85.0
CPB,Campbell Soup Company,68.0,81.0,70.0,68.0,62.0,63.0,73.0,57.0,72.0,88.0
COF,Capital One,80.0,90.0,85.0,75.0,80.0,85.0,85.0,70.0,90.0,80.0
CAH,Cardinal Health,80.0,85.0,75.0,70.0,65.0,60.0,75.0,50.0,85.0,80.0
KMX,CarMax,85.0,90.0,80.0,85.0,80.0,75.0,75.0,70.0,90.0,85.0
CCL,Carnival,75.0,70.0,60.0,65.0,50.0,80.0,70.0,40.0,85.0,90.0
CARR,Carrier Global,80.0,85.0,90.0,80.0,85.0,75.0,85.0,80.0,90.0,90.0
CTLT,Catalent,80.0,90.0,85.0,80.0,85.0,70.0,75.0,80.0,85.0,90.0
CAT,Caterpillar Inc.,80.0,85.0,90.0,75.0,80.0,80.0,80.0,75.0,85.0,90.0
CBOE,Cboe Global Markets,90.0,85.0,75.0,80.0,85.0,70.0,80.0,65.0,90.0,85.0
CBRE,CBRE Group,85.0,90.0,80.0,85.0,90.0,70.0,85.0,75.0,90.0,95.0
CDW,CDW Corporation,90.0,85.0,80.0,75.0,80.0,85.0,90.0,80.0,85.0,90.0
CE,Celanese,85.0,90.0,90.0,85.0,85.0,85.0,80.0,85.0,90.0,85.0
CNC,Centene Corporation,85.0,90.0,80.0,85.0,90.0,85.0,80.0,75.0,90.0,85.0
CNP,CenterPoint Energy,80.0,75.0,70.0,65.0,70.0,60.0,75.0,60.0,80.0,70.0
CDAY,Ceridian,85.0,90.0,80.0,85.0,90.0,75.0,80.0,70.0,85.0,70.0
CF,CF Industries,85.0,80.0,70.0,75.0,80.0,65.0,75.0,60.0,85.0,70.0
CRL,Charles River Laboratories,90.0,85.0,80.0,75.0,85.0,80.0,85.0,80.0,90.0,80.0
SCHW,Charles Schwab Corporation,95.0,90.0,85.0,80.0,90.0,80.0,90.0,80.0,90.0,95.0
CHTR,Charter Communications,85.0,90.0,85.0,90.0,90.0,75.0,80.0,70.0,85.0,90.0
CVX,Chevron Corporation,85.0,90.0,80.0,70.0,80.0,75.0,80.0,70.0,90.0,95.0
CMG,Chipotle Mexican Grill,85.0,80.0,70.0,85.0,75.0,60.0,80.0,75.0,90.0,95.0
CB,Chubb Limited,90.0,85.0,85.0,80.0,80.0,95.0,90.0,75.0,95.0,85.0
CHD,Church & Dwight,85.0,90.0,80.0,75.0,80.0,75.0,90.0,80.0,85.0,85.0
CI,Cigna,85.0,90.0,80.0,85.0,85.0,80.0,90.0,75.0,90.0,85.0
CINF,Cincinnati Financial,85.0,80.0,75.0,70.0,65.0,60.0,75.0,70.0,80.0,85.0
CTAS,Cintas,85.0,90.0,80.0,75.0,85.0,85.0,80.0,65.0,90.0,85.0
CSCO,Cisco Systems Inc.,80.0,90.0,85.0,85.0,80.0,90.0,85.0,80.0,90.0,95.0
C,Citigroup,80.0,75.0,70.0,85.0,80.0,85.0,70.0,65.0,80.0,90.0
CFG,Citizens Financial Group,85.0,80.0,75.0,70.0,75.0,70.0,80.0,75.0,85.0,90.0
CLX,Clorox,85.0,90.0,80.0,70.0,75.0,90.0,85.0,70.0,95.0,95.0
CME,CME Group,90.0,85.0,95.0,80.0,70.0,85.0,90.0,75.0,95.0,90.0
CMS,CMS Energy,90.0,80.0,70.0,60.0,70.0,80.0,90.0,60.0,80.0,90.0
KO,Coca-Cola Company (The),90.0,85.0,90.0,80.0,75.0,70.0,85.0,70.0,80.0,95.0
CTSH,Cognizant,85.0,90.0,90.0,85.0,80.0,80.0,95.0,85.0,90.0,90.0
CL,Colgate-Palmolive,90.0,80.0,85.0,70.0,75.0,85.0,90.0,70.0,90.0,95.0
CMCSA,Comcast,90.0,85.0,85.0,80.0,80.0,85.0,90.0,80.0,85.0,95.0
CMA,Comerica,85.0,80.0,75.0,70.0,80.0,70.0,85.0,65.0,80.0,75.0
CAG,Conagra Brands,80.0,85.0,75.0,70.0,75.0,90.0,85.0,70.0,80.0,90.0
COP,ConocoPhillips,95.0,85.0,80.0,70.0,70.0,75.0,80.0,70.0,85.0,80.0
ED,Consolidated Edison,80.0,85.0,70.0,60.0,65.0,75.0,80.0,50.0,90.0,85.0
STZ,Constellation Brands,90.0,85.0,95.0,90.0,80.0,85.0,90.0,80.0,90.0,95.0
CEG,Constellation Energy,85.0,90.0,80.0,75.0,70.0,75.0,80.0,70.0,85.0,90.0
COO,CooperCompanies,95.0,85.0,90.0,85.0,90.0,80.0,90.0,85.0,90.0,90.0
CPRT,Copart,85.0,90.0,80.0,75.0,80.0,70.0,75.0,70.0,85.0,90.0
GLW,Corning Inc.,85.0,90.0,80.0,75.0,85.0,90.0,85.0,95.0,90.0,80.0
CTVA,Corteva,80.0,85.0,70.0,75.0,80.0,65.0,70.0,75.0,80.0,75.0
CSGP,CoStar Group,95.0,90.0,85.0,95.0,90.0,80.0,90.0,80.0,85.0,95.0
COST,Costco,90.0,95.0,85.0,80.0,85.0,90.0,90.0,70.0,95.0,95.0
CTRA,Coterra,85.0,80.0,70.0,90.0,85.0,75.0,85.0,80.0,85.0,80.0
CCI,Crown Castle,90.0,95.0,85.0,80.0,85.0,75.0,90.0,70.0,90.0,90.0
CSX,CSX,85.0,88.0,90.0,80.0,85.0,89.0,87.0,82.0,90.0,84.0
CMI,Cummins,85.0,90.0,80.0,75.0,85.0,80.0,85.0,90.0,90.0,85.0
CVS,CVS Health,80.0,85.0,75.0,70.0,75.0,90.0,85.0,70.0,80.0,90.0
DHI,D.R. Horton,80.0,85.0,90.0,85.0,90.0,75.0,80.0,70.0,85.0,90.0
DHR,Danaher Corporation,80.0,90.0,85.0,80.0,85.0,80.0,90.0,95.0,90.0,85.0
DRI,Darden Restaurants,85.0,90.0,80.0,75.0,85.0,90.0,80.0,70.0,85.0,95.0
DVA,DaVita Inc.,80.0,85.0,90.0,75.0,85.0,70.0,75.0,65.0,80.0,90.0
DE,John Deere,85.0,90.0,80.0,75.0,80.0,85.0,90.0,85.0,90.0,85.0
DAL,Delta Air Lines,90.0,85.0,75.0,80.0,75.0,70.0,85.0,60.0,85.0,90.0
XRAY,Dentsply Sirona,80.0,90.0,85.0,75.0,85.0,70.0,90.0,80.0,85.0,90.0
DVN,Devon Energy,85.0,90.0,80.0,85.0,90.0,75.0,85.0,70.0,90.0,80.0
DXCM,Dexcom,90.0,85.0,95.0,90.0,90.0,80.0,90.0,95.0,85.0,90.0
FANG,Diamondback Energy,90.0,95.0,85.0,80.0,90.0,70.0,85.0,60.0,90.0,75.0
DLR,Digital Realty,90.0,85.0,80.0,85.0,90.0,80.0,85.0,70.0,80.0,90.0
DFS,Discover Financial,90.0,85.0,80.0,75.0,85.0,70.0,80.0,75.0,90.0,95.0
DISH,Dish Network,70.0,85.0,75.0,80.0,70.0,65.0,80.0,60.0,85.0,90.0
DIS,Disney,85.0,90.0,80.0,90.0,85.0,95.0,80.0,75.0,85.0,95.0
DG,Dollar General,85.0,90.0,80.0,85.0,85.0,75.0,80.0,65.0,80.0,95.0
DLTR,Dollar Tree,85.0,90.0,80.0,85.0,80.0,75.0,90.0,75.0,85.0,95.0
D,Dominion Energy,85.0,90.0,80.0,75.0,70.0,85.0,90.0,60.0,90.0,80.0
DPZ,Domino's,85.0,90.0,95.0,80.0,90.0,80.0,85.0,75.0,90.0,95.0
DOV,Dover Corporation,90.0,80.0,85.0,75.0,80.0,85.0,90.0,75.0,85.0,90.0
DOW,Dow Inc.,85.0,90.0,80.0,75.0,85.0,70.0,80.0,75.0,85.0,90.0
DTE,DTE Energy,85.0,75.0,80.0,70.0,80.0,75.0,85.0,60.0,80.0,90.0
DUK,Duke Energy,80.0,75.0,85.0,70.0,65.0,75.0,80.0,60.0,80.0,90.0
DD,DuPont,85.0,90.0,80.0,75.0,80.0,85.0,85.0,90.0,85.0,90.0
DXC,DXC Technology,75.0,85.0,80.0,70.0,65.0,70.0,75.0,80.0,85.0,80.0
ETN,Eaton Corporation,90.0,85.0,80.0,75.0,80.0,85.0,80.0,75.0,90.0,85.0
EBAY,eBay,85.0,90.0,80.0,85.0,80.0,70.0,75.0,60.0,85.0,90.0
ECL,Ecolab,85.0,90.0,85.0,80.0,85.0,90.0,80.0,75.0,85.0,90.0
EIX,Edison International,90.0,85.0,70.0,75.0,80.0,75.0,95.0,65.0,85.0,80.0
EA,Electronic Arts,85.0,90.0,80.0,85.0,90.0,80.0,85.0,85.0,90.0,90.0
ELV,Elevance Health,85.0,90.0,80.0,85.0,90.0,75.0,80.0,85.0,85.0,80.0
LLY,Eli Lilly and Company,90.0,80.0,85.0,75.0,80.0,70.0,85.0,95.0,85.0,90.0
EMR,Emerson Electric,85.0,90.0,90.0,85.0,80.0,75.0,85.0,85.0,85.0,90.0
ENPH,Enphase,85.0,95.0,80.0,90.0,95.0,70.0,80.0,90.0,80.0,75.0
ETR,Entergy,85.0,80.0,70.0,75.0,80.0,70.0,75.0,60.0,80.0,70.0
EOG,EOG Resources,85.0,90.0,80.0,75.0,85.0,70.0,75.0,60.0,85.0,80.0
EPAM,EPAM Systems,85.0,90.0,95.0,90.0,95.0,80.0,85.0,90.0,85.0,90.0
EQT,EQT Corporation,85.0,90.0,80.0,75.0,85.0,70.0,80.0,75.0,90.0,80.0
EFX,Equifax,85.0,90.0,80.0,75.0,80.0,70.0,75.0,65.0,85.0,90.0
EQIX,Equinix,85.0,95.0,90.0,95.0,80.0,75.0,85.0,70.0,90.0,90.0
EQR,Equity Residential,80.0,85.0,75.0,70.0,75.0,70.0,85.0,65.0,80.0,85.0
ESS,Essex Property Trust,90.0,85.0,70.0,80.0,75.0,65.0,80.0,60.0,90.0,85.0
EL,Est√©e Lauder Companies (The),85.0,90.0,90.0,80.0,80.0,95.0,85.0,80.0,90.0,95.0
ETSY,Etsy,80.0,85.0,90.0,95.0,90.0,70.0,75.0,80.0,80.0,90.0
RE,Everest Re,85.0,90.0,80.0,75.0,70.0,85.0,80.0,70.0,90.0,85.0
EVRG,Evergy,80.0,80.0,70.0,70.0,75.0,65.0,70.0,60.0,75.0,75.0
ES,Eversource,80.0,90.0,85.0,70.0,75.0,70.0,80.0,60.0,90.0,85.0
EXC,Exelon,85.0,90.0,80.0,70.0,75.0,80.0,85.0,75.0,90.0,80.0
EXPE,Expedia Group,75.0,85.0,75.0,80.0,75.0,80.0,70.0,80.0,90.0,85.0
EXPD,Expeditors International,95.0,85.0,80.0,75.0,70.0,70.0,80.0,60.0,90.0,90.0
EXR,Extra Space Storage,85.0,90.0,80.0,75.0,85.0,85.0,90.0,60.0,90.0,80.0
XOM,ExxonMobil,85.0,80.0,75.0,70.0,60.0,70.0,40.0,50.0,80.0,90.0
FFIV,"F5, Inc.",80.0,85.0,90.0,85.0,85.0,75.0,85.0,90.0,80.0,90.0
FDS,FactSet,90.0,95.0,85.0,80.0,85.0,90.0,95.0,80.0,90.0,90.0
FICO,Fair Isaac Corporation,80.0,90.0,95.0,85.0,90.0,75.0,80.0,85.0,90.0,95.0
FRT,Federal Realty,80.0,90.0,85.0,75.0,70.0,80.0,85.0,60.0,90.0,85.0
FDX,FedEx,85.0,90.0,85.0,80.0,80.0,75.0,80.0,70.0,85.0,90.0
FITB,Fifth Third Bank,80.0,85.0,75.0,70.0,65.0,70.0,75.0,60.0,85.0,80.0
FRC,First Republic Bank,90.0,95.0,85.0,80.0,85.0,75.0,90.0,70.0,95.0,80.0
FSLR,First Solar,85.0,90.0,80.0,75.0,85.0,70.0,90.0,80.0,85.0,80.0
FE,FirstEnergy,80.0,90.0,75.0,70.0,65.0,70.0,80.0,50.0,85.0,85.0
FIS,FIS,85.0,90.0,80.0,85.0,90.0,75.0,80.0,70.0,85.0,90.0
FISV,Fiserv,80.0,85.0,90.0,85.0,90.0,75.0,85.0,80.0,95.0,90.0
FLT,Fleetcor,90.0,85.0,95.0,85.0,90.0,80.0,85.0,70.0,80.0,90.0
FMC,FMC Corporation,70.0,80.0,85.0,75.0,80.0,70.0,85.0,70.0,80.0,75.0
F,Ford Motor Company,75.0,85.0,70.0,80.0,75.0,65.0,70.0,60.0,80.0,90.0
FTNT,Fortinet,85.0,90.0,90.0,80.0,85.0,75.0,85.0,80.0,90.0,85.0
FTV,Fortive,80.0,90.0,85.0,75.0,80.0,85.0,85.0,80.0,90.0,85.0
FOXA,Fox Corporation (Class A),85.0,90.0,80.0,75.0,70.0,70.0,80.0,65.0,90.0,95.0
FOX,Fox Corporation (Class B),85.0,90.0,80.0,70.0,75.0,85.0,80.0,60.0,90.0,95.0
BEN,Franklin Templeton,80.0,85.0,75.0,70.0,75.0,80.0,70.0,65.0,85.0,75.0
FCX,Freeport-McMoRan,85.0,80.0,75.0,70.0,65.0,50.0,70.0,55.0,80.0,75.0
GRMN,Garmin Corporation,80.0,90.0,85.0,75.0,80.0,90.0,85.0,90.0,85.0,90.0
IT,Gartner,85.0,90.0,80.0,85.0,90.0,75.0,80.0,85.0,90.0,85.0
GEHC,GE HealthCare,70.0,80.0,85.0,75.0,80.0,75.0,80.0,85.0,75.0,85.0
GEN,Gen Digital,70.0,85.0,75.0,90.0,85.0,80.0,80.0,90.0,85.0,70.0
GNRC,Generac,85.0,90.0,80.0,85.0,90.0,80.0,85.0,80.0,90.0,85.0
GD,General Dynamics,80.0,85.0,90.0,75.0,85.0,80.0,85.0,80.0,80.0,85.0
GE,General Electric,70.0,75.0,65.0,80.0,70.0,80.0,70.0,60.0,75.0,85.0
GIS,General Mills,85.0,80.0,75.0,60.0,65.0,70.0,80.0,70.0,85.0,90.0
GM,General Motors,80.0,90.0,85.0,70.0,75.0,80.0,85.0,75.0,90.0,90.0
GPC,Genuine Parts Company,85.0,90.0,80.0,70.0,75.0,85.0,80.0,70.0,85.0,90.0
GILD,Gilead Sciences,85.0,90.0,85.0,80.0,70.0,70.0,80.0,90.0,80.0,85.0
GL,Globe Life,90.0,85.0,75.0,80.0,85.0,70.0,80.0,60.0,90.0,95.0
GPN,Global Payments,85.0,90.0,80.0,85.0,90.0,75.0,80.0,70.0,90.0,85.0
GS,Goldman Sachs,90.0,95.0,85.0,75.0,80.0,85.0,90.0,70.0,95.0,95.0
HAL,Halliburton,75.0,85.0,90.0,80.0,75.0,70.0,80.0,75.0,80.0,85.0
HIG,The Hartford,85.0,80.0,75.0,70.0,75.0,80.0,80.0,70.0,85.0,85.0
HAS,Hasbro,85.0,95.0,80.0,90.0,80.0,90.0,70.0,75.0,85.0,95.0
HCA,HCA Healthcare,80.0,90.0,85.0,90.0,85.0,80.0,85.0,75.0,90.0,95.0
PEAK,Healthpeak Corporation,85.0,90.0,80.0,85.0,80.0,75.0,80.0,65.0,90.0,80.0
HSIC,Henry Schein,85.0,90.0,80.0,75.0,85.0,70.0,80.0,75.0,90.0,85.0
HSY,Hershey's,80.0,90.0,85.0,80.0,70.0,75.0,85.0,80.0,90.0,95.0
HES,Hess Corporation,80.0,85.0,70.0,75.0,80.0,60.0,75.0,65.0,85.0,80.0
HPE,Hewlett Packard Enterprise,85.0,90.0,75.0,80.0,80.0,70.0,80.0,85.0,90.0,80.0
HLT,Hilton Worldwide,85.0,90.0,80.0,75.0,80.0,70.0,85.0,75.0,90.0,95.0
HOLX,Hologic,85.0,90.0,80.0,90.0,85.0,75.0,80.0,85.0,90.0,85.0
HD,Home Depot (The),85.0,90.0,80.0,75.0,80.0,85.0,80.0,75.0,85.0,90.0
HON,Honeywell,95.0,90.0,85.0,90.0,85.0,80.0,90.0,85.0,90.0,95.0
HRL,Hormel Foods,85.0,90.0,85.0,70.0,75.0,80.0,85.0,80.0,85.0,90.0
HST,Host Hotels & Resorts,85.0,90.0,80.0,75.0,70.0,75.0,80.0,60.0,90.0,85.0
HWM,Howmet Aerospace,80.0,90.0,85.0,75.0,80.0,75.0,85.0,90.0,90.0,80.0
HPQ,HP Inc.,85.0,75.0,70.0,75.0,70.0,80.0,80.0,80.0,75.0,85.0
HUM,Humana,85.0,90.0,80.0,75.0,80.0,85.0,90.0,70.0,85.0,90.0
HBAN,Huntington Bancshares,90.0,85.0,80.0,75.0,70.0,80.0,75.0,50.0,85.0,90.0
HII,Huntington Ingalls Industries,85.0,90.0,80.0,70.0,75.0,80.0,85.0,65.0,90.0,80.0
IBM,IBM,85.0,90.0,80.0,75.0,70.0,80.0,85.0,75.0,90.0,95.0
IEX,IDEX Corporation,92.0,88.0,90.0,84.0,85.0,90.0,88.0,90.0,87.0,91.0
IDXX,Idexx Laboratories,90.0,85.0,95.0,90.0,85.0,80.0,90.0,95.0,85.0,95.0
ITW,Illinois Tool Works,85.0,95.0,90.0,80.0,75.0,90.0,85.0,90.0,95.0,90.0
ILMN,Illumina,90.0,95.0,85.0,90.0,95.0,70.0,80.0,100.0,90.0,90.0
IR,Ingersoll Rand,85.0,90.0,80.0,75.0,80.0,85.0,90.0,80.0,90.0,85.0
PODD,Insulet Corporation,80.0,90.0,85.0,90.0,90.0,75.0,85.0,95.0,85.0,80.0
INTC,Intel,90.0,85.0,95.0,80.0,85.0,90.0,85.0,95.0,90.0,95.0
ICE,Intercontinental Exchange,95.0,90.0,85.0,90.0,85.0,80.0,90.0,85.0,90.0,95.0
IFF,International Flavors & Fragrances,85.0,92.0,75.0,80.0,78.0,88.0,85.0,82.0,90.0,88.0
IP,International Paper,85.0,90.0,80.0,75.0,70.0,85.0,75.0,60.0,85.0,90.0
IPG,Interpublic Group of Companies (The),85.0,90.0,80.0,85.0,80.0,75.0,80.0,70.0,85.0,90.0
INTU,Intuit,90.0,95.0,85.0,80.0,85.0,75.0,90.0,85.0,95.0,90.0
ISRG,Intuitive Surgical,85.0,95.0,90.0,85.0,90.0,80.0,90.0,95.0,90.0,95.0
IVZ,Invesco,80.0,90.0,85.0,75.0,70.0,80.0,85.0,60.0,90.0,80.0
INVH,Invitation Homes,95.0,92.0,84.0,88.0,90.0,80.0,86.0,77.0,90.0,91.0
IQV,IQVIA,90.0,85.0,80.0,85.0,90.0,70.0,80.0,75.0,90.0,85.0
IRM,Iron Mountain,85.0,90.0,85.0,75.0,70.0,80.0,75.0,60.0,80.0,85.0
JBHT,J.B. Hunt,85.0,90.0,80.0,80.0,85.0,75.0,85.0,70.0,90.0,80.0
JKHY,Jack Henry & Associates,85.0,90.0,80.0,70.0,75.0,70.0,85.0,80.0,90.0,90.0
J,Jacobs Solutions,85.0,90.0,80.0,75.0,85.0,95.0,80.0,70.0,90.0,85.0
JNJ,Johnson & Johnson,90.0,95.0,85.0,80.0,75.0,90.0,95.0,90.0,95.0,95.0
JCI,Johnson Controls,80.0,85.0,75.0,70.0,75.0,80.0,85.0,75.0,85.0,90.0
JPM,JPMorgan Chase,95.0,85.0,90.0,80.0,85.0,90.0,90.0,75.0,90.0,95.0
JNPR,Juniper Networks,85.0,80.0,75.0,70.0,80.0,70.0,80.0,85.0,80.0,75.0
K,Kellogg's,85.0,89.0,92.0,80.0,86.0,90.0,87.0,83.0,91.0,94.0
KDP,Keurig Dr Pepper,80.0,90.0,85.0,75.0,80.0,85.0,90.0,70.0,85.0,95.0
KEY,KeyCorp,90.0,85.0,80.0,75.0,80.0,70.0,85.0,75.0,90.0,85.0
KEYS,Keysight,85.0,90.0,80.0,85.0,85.0,80.0,90.0,85.0,90.0,80.0
KMB,Kimberly-Clark,90.0,80.0,70.0,60.0,70.0,80.0,90.0,60.0,80.0,90.0
KIM,Kimco Realty,90.0,85.0,80.0,75.0,85.0,70.0,80.0,65.0,85.0,90.0
KMI,Kinder Morgan,85.0,90.0,75.0,80.0,80.0,70.0,80.0,60.0,85.0,80.0
KLAC,KLA Corporation,90.0,85.0,95.0,90.0,85.0,80.0,85.0,95.0,90.0,90.0
KHC,Kraft Heinz,80.0,75.0,70.0,60.0,65.0,75.0,80.0,60.0,75.0,90.0
KR,Kroger,85.0,80.0,70.0,80.0,70.0,75.0,80.0,65.0,80.0,90.0
LHX,L3Harris,85.0,90.0,95.0,80.0,90.0,85.0,90.0,85.0,90.0,95.0
LH,LabCorp,90.0,85.0,75.0,80.0,90.0,70.0,85.0,75.0,90.0,85.0
LRCX,Lam Research,90.0,95.0,85.0,80.0,95.0,75.0,90.0,90.0,95.0,80.0
LW,Lamb Weston,90.0,80.0,85.0,75.0,85.0,70.0,75.0,70.0,85.0,90.0
LVS,Las Vegas Sands,85.0,90.0,80.0,75.0,70.0,95.0,80.0,65.0,85.0,90.0
LDOS,Leidos Corporation,85.0,90.0,85.0,80.0,80.0,75.0,85.0,80.0,90.0,80.0
LEN,Lennar Corporation,85.0,90.0,75.0,80.0,85.0,70.0,80.0,70.0,90.0,85.0
LNC,Lincoln Financial,85.0,90.0,80.0,75.0,80.0,85.0,80.0,70.0,90.0,85.0
LIN,Linde plc,90.0,95.0,85.0,80.0,85.0,75.0,90.0,85.0,90.0,90.0
LYV,Live Nation Entertainment,80.0,90.0,80.0,85.0,90.0,70.0,75.0,60.0,85.0,90.0
LKQ,LKQ Corporation,85.0,80.0,70.0,80.0,75.0,80.0,85.0,60.0,75.0,85.0
LMT,Lockheed Martin,85.0,90.0,95.0,80.0,85.0,70.0,80.0,90.0,85.0,95.0
L,Loews Corporation,85.0,90.0,85.0,70.0,75.0,95.0,85.0,60.0,95.0,70.0
LOW,Lowe's,90.0,85.0,80.0,70.0,75.0,80.0,85.0,70.0,90.0,90.0
LYB,LyondellBasell,85.0,90.0,80.0,75.0,70.0,85.0,80.0,75.0,90.0,85.0
MTB,M&T Bank,80.0,85.0,75.0,70.0,60.0,70.0,80.0,50.0,85.0,90.0
MRO,Marathon Oil,60.0,70.0,80.0,75.0,70.0,65.0,70.0,65.0,75.0,80.0
MPC,Marathon Petroleum,85.0,90.0,80.0,85.0,75.0,70.0,80.0,70.0,90.0,85.0
MKTX,MarketAxess,95.0,90.0,85.0,80.0,85.0,80.0,90.0,80.0,90.0,85.0
MAR,Marriott International,85.0,90.0,80.0,75.0,80.0,70.0,85.0,70.0,90.0,90.0
MMC,Marsh McLennan,90.0,85.0,95.0,80.0,85.0,90.0,90.0,70.0,95.0,90.0
MLM,Martin Marietta Materials,95.0,90.0,85.0,80.0,90.0,80.0,85.0,75.0,90.0,80.0
MAS,Masco,90.0,85.0,80.0,75.0,80.0,70.0,85.0,75.0,80.0,90.0
MA,Mastercard,90.0,95.0,95.0,85.0,90.0,85.0,90.0,80.0,95.0,95.0
MTCH,Match Group,85.0,90.0,80.0,95.0,90.0,70.0,80.0,75.0,85.0,95.0
MKC,McCormick & Company,85.0,90.0,85.0,80.0,85.0,85.0,75.0,80.0,85.0,95.0
MCD,McDonald's,95.0,85.0,90.0,80.0,75.0,80.0,90.0,70.0,85.0,100.0
MCK,McKesson,85.0,90.0,80.0,75.0,70.0,85.0,90.0,80.0,85.0,90.0
MDT,Medtronic,85.0,90.0,95.0,80.0,85.0,75.0,90.0,85.0,90.0,95.0
MRK,Merck & Co.,85.0,90.0,90.0,80.0,75.0,80.0,90.0,95.0,85.0,95.0
META,Meta Platforms,80.0,90.0,85.0,90.0,85.0,75.0,85.0,95.0,80.0,90.0
MET,MetLife,80.0,90.0,85.0,70.0,80.0,85.0,75.0,60.0,85.0,90.0
MTD,Mettler Toledo,85.0,90.0,85.0,80.0,80.0,75.0,85.0,90.0,90.0,85.0
MGM,MGM Resorts,80.0,90.0,85.0,75.0,70.0,75.0,80.0,65.0,90.0,95.0
MCHP,Microchip Technology,85.0,90.0,80.0,85.0,95.0,80.0,85.0,90.0,90.0,85.0
MU,Micron Technology,85.0,90.0,80.0,75.0,90.0,70.0,80.0,85.0,90.0,85.0
MSFT,Microsoft,90.0,95.0,90.0,85.0,90.0,85.0,90.0,95.0,95.0,95.0
MAA,Mid-America Apartment Communities,85.0,90.0,80.0,75.0,80.0,85.0,80.0,70.0,90.0,85.0
MRNA,Moderna,80.0,90.0,85.0,95.0,90.0,70.0,75.0,95.0,85.0,80.0
MHK,Mohawk Industries,85.0,90.0,90.0,80.0,85.0,95.0,80.0,75.0,85.0,90.0
MOH,Molina Healthcare,85.0,75.0,80.0,90.0,85.0,70.0,80.0,75.0,70.0,80.0
TAP,Molson Coors Beverage Company,85.0,80.0,85.0,70.0,70.0,80.0,75.0,70.0,80.0,90.0
MDLZ,Mondelez International,85.0,80.0,90.0,85.0,80.0,75.0,80.0,75.0,85.0,95.0
MPWR,Monolithic Power Systems,85.0,90.0,85.0,80.0,85.0,90.0,85.0,90.0,90.0,80.0
MNST,Monster Beverage,75.0,90.0,85.0,80.0,90.0,70.0,80.0,75.0,85.0,95.0
MCO,Moody's Corporation,80.0,85.0,90.0,75.0,80.0,80.0,85.0,80.0,90.0,90.0
MS,Morgan Stanley,90.0,95.0,85.0,80.0,85.0,80.0,90.0,70.0,90.0,95.0
MOS,Mosaic Company (The),70.0,80.0,70.0,60.0,60.0,80.0,70.0,50.0,80.0,80.0
MSI,Motorola Solutions,90.0,95.0,85.0,75.0,80.0,80.0,90.0,85.0,90.0,95.0
MSCI,MSCI Corporation,95.0,85.0,90.0,85.0,85.0,80.0,85.0,80.0,90.0,95.0
NDAQ,"Nasdaq, Inc.",90.0,85.0,85.0,90.0,85.0,80.0,85.0,80.0,90.0,90.0
NTAP,NetApp,80.0,85.0,90.0,85.0,80.0,70.0,75.0,80.0,90.0,85.0
NFLX,Netflix,85.0,90.0,95.0,95.0,95.0,80.0,90.0,90.0,90.0,100.0
NWL,Newell Brands,80.0,90.0,85.0,70.0,75.0,85.0,80.0,70.0,90.0,95.0
NEM,Newmont,92.0,85.0,90.0,85.0,80.0,70.0,87.0,75.0,90.0,88.0
NWSA,News Corp (Class A),80.0,90.0,75.0,70.0,75.0,70.0,80.0,60.0,85.0,95.0
NWS,News Corp (Class B),80.0,70.0,75.0,60.0,65.0,60.0,75.0,50.0,80.0,75.0
NEE,NextEra Energy,90.0,95.0,85.0,80.0,90.0,95.0,90.0,85.0,95.0,90.0
NKE,"Nike, Inc.",85.0,90.0,95.0,85.0,80.0,80.0,90.0,85.0,95.0,100.0
NI,NiSource,85.0,80.0,70.0,75.0,70.0,75.0,80.0,65.0,75.0,80.0
NDSN,Nordson Corporation,85.0,90.0,80.0,75.0,82.0,70.0,82.0,88.0,87.0,85.0
NSC,Norfolk Southern Railway,80.0,85.0,90.0,70.0,75.0,80.0,85.0,70.0,90.0,85.0
NTRS,Northern Trust,90.0,95.0,85.0,75.0,80.0,70.0,90.0,60.0,95.0,90.0
NCLH,Norwegian Cruise Line Holdings,70.0,80.0,75.0,60.0,65.0,85.0,70.0,50.0,80.0,85.0
NRG,NRG Energy,70.0,80.0,60.0,70.0,80.0,80.0,60.0,50.0,70.0,80.0
NUE,Nucor Corporation,90.0,85.0,80.0,75.0,85.0,75.0,80.0,70.0,85.0,80.0
NVDA,Nvidia,95.0,90.0,95.0,85.0,90.0,80.0,85.0,95.0,85.0,90.0
NVR,"NVR, Inc.",85.0,95.0,90.0,80.0,80.0,70.0,80.0,70.0,90.0,85.0
ORLY,O'Reilly Auto Parts,95.0,90.0,85.0,75.0,80.0,70.0,90.0,50.0,90.0,95.0
OXY,Occidental Petroleum,60.0,75.0,65.0,70.0,60.0,50.0,55.0,45.0,70.0,75.0
ODFL,Old Dominion,85.0,90.0,75.0,80.0,85.0,70.0,80.0,60.0,90.0,85.0
OMC,Omnicom Group,85.0,90.0,80.0,70.0,75.0,85.0,80.0,70.0,90.0,95.0
ON,ON Semiconductor,80.0,85.0,90.0,85.0,90.0,80.0,85.0,90.0,80.0,75.0
OKE,ONEOK,85.0,90.0,80.0,70.0,85.0,75.0,80.0,65.0,85.0,85.0
ORCL,Oracle Corporation,80.0,85.0,90.0,85.0,80.0,75.0,80.0,85.0,90.0,90.0
OGN,Organon & Co.,85.0,80.0,90.0,85.0,90.0,75.0,85.0,80.0,80.0,90.0
OTIS,Otis Worldwide,85.0,90.0,80.0,85.0,90.0,75.0,80.0,75.0,85.0,90.0
PCAR,Paccar,90.0,85.0,80.0,75.0,80.0,70.0,75.0,60.0,80.0,90.0
PKG,Packaging Corporation of America,85.0,90.0,80.0,75.0,70.0,65.0,80.0,75.0,85.0,75.0
PARA,Paramount Global,85.0,90.0,80.0,85.0,90.0,75.0,85.0,80.0,90.0,80.0
PH,Parker Hannifin,85.0,95.0,90.0,85.0,85.0,90.0,85.0,80.0,90.0,95.0
PAYX,Paychex,85.0,90.0,80.0,75.0,85.0,75.0,90.0,70.0,80.0,80.0
PAYC,Paycom,85.0,90.0,85.0,90.0,95.0,80.0,90.0,75.0,85.0,90.0
PNR,Pentair Corporation,85.0,90.0,80.0,75.0,85.0,70.0,85.0,80.0,90.0,85.0
PEP,PepsiCo,85.0,90.0,80.0,85.0,90.0,95.0,85.0,80.0,90.0,95.0
PKI,PerkinElmer,80.0,90.0,85.0,70.0,75.0,90.0,85.0,80.0,90.0,80.0
PFE,Pfizer,85.0,90.0,80.0,75.0,70.0,85.0,90.0,95.0,90.0,95.0
PCG,PG&E Corporation,60.0,70.0,50.0,70.0,60.0,40.0,50.0,30.0,50.0,60.0
PM,Philip Morris International,75.0,85.0,90.0,70.0,65.0,60.0,80.0,55.0,90.0,95.0
PSX,Phillips 66,85.0,90.0,80.0,75.0,80.0,75.0,85.0,70.0,90.0,80.0
PNW,Pinnacle West,85.0,90.0,80.0,70.0,75.0,85.0,80.0,65.0,90.0,75.0
PXD,Pioneer Natural Resources,88.0,92.0,84.0,75.0,89.0,86.0,83.0,78.0,91.0,81.0
PNC,PNC Financial Services,85.0,90.0,80.0,85.0,90.0,85.0,90.0,75.0,90.0,85.0
POOL,Pool Corporation,85.0,90.0,80.0,75.0,85.0,70.0,80.0,75.0,90.0,85.0
PPG,PPG Industries,80.0,85.0,70.0,75.0,80.0,85.0,70.0,75.0,80.0,90.0
PPL,PPL Corporation,80.0,85.0,70.0,65.0,75.0,60.0,80.0,55.0,85.0,75.0
PFG,Principal Financial Group,90.0,85.0,75.0,80.0,85.0,80.0,90.0,70.0,90.0,85.0
PG,Procter & Gamble,90.0,95.0,85.0,80.0,75.0,90.0,85.0,75.0,90.0,95.0
PLD,Prologis,90.0,85.0,95.0,90.0,90.0,80.0,85.0,75.0,95.0,90.0
PRU,Prudential Financial,85.0,95.0,80.0,75.0,85.0,90.0,85.0,70.0,90.0,95.0
PEG,Public Service Enterprise Group,85.0,90.0,70.0,80.0,75.0,80.0,85.0,70.0,90.0,80.0
PTC,PTC,80.0,85.0,90.0,95.0,90.0,75.0,85.0,95.0,90.0,80.0
PSA,Public Storage,90.0,85.0,80.0,75.0,70.0,80.0,90.0,60.0,85.0,95.0
PHM,PulteGroup,80.0,85.0,75.0,70.0,80.0,60.0,75.0,50.0,85.0,80.0
QRVO,Qorvo,86.0,92.0,85.0,90.0,86.0,89.0,87.0,92.0,91.0,87.0
PWR,Quanta Services,85.0,90.0,80.0,75.0,85.0,75.0,80.0,70.0,85.0,80.0
QCOM,Qualcomm,80.0,85.0,90.0,90.0,85.0,80.0,85.0,95.0,85.0,90.0
DGX,Quest Diagnostics,90.0,85.0,80.0,85.0,80.0,75.0,85.0,75.0,90.0,95.0
RL,Ralph Lauren Corporation,90.0,80.0,85.0,75.0,70.0,80.0,85.0,70.0,90.0,95.0
RJF,Raymond James Corporation,80.0,90.0,85.0,70.0,75.0,80.0,80.0,75.0,90.0,90.0
RTX,Raytheon Technologies,80.0,90.0,85.0,75.0,80.0,80.0,80.0,85.0,85.0,90.0
REG,Regency Centers,80.0,90.0,85.0,80.0,75.0,70.0,80.0,60.0,90.0,85.0
REGN,Regeneron,85.0,90.0,97.0,92.0,90.0,88.0,85.0,95.0,92.0,90.0
RF,Regions Financial Corporation,85.0,80.0,75.0,70.0,75.0,80.0,85.0,60.0,80.0,75.0
RSG,Republic Services,90.0,80.0,85.0,70.0,75.0,80.0,85.0,60.0,80.0,90.0
RMD,ResMed,90.0,85.0,80.0,90.0,85.0,80.0,85.0,90.0,85.0,90.0
RHI,Robert Half,85.0,90.0,80.0,75.0,80.0,70.0,85.0,60.0,90.0,85.0
ROK,Rockwell Automation,85.0,90.0,80.0,75.0,85.0,80.0,85.0,90.0,85.0,85.0
ROL,"Rollins, Inc.",85.0,90.0,80.0,75.0,80.0,70.0,85.0,60.0,90.0,85.0
ROP,Roper Technologies,85.0,90.0,95.0,80.0,90.0,85.0,90.0,90.0,95.0,90.0
ROST,Ross Stores,80.0,90.0,70.0,80.0,75.0,85.0,85.0,50.0,95.0,90.0
RCL,Royal Caribbean Group,80.0,75.0,70.0,80.0,65.0,75.0,70.0,60.0,80.0,75.0
SPGI,S&P Global,95.0,90.0,85.0,80.0,85.0,90.0,90.0,75.0,95.0,95.0
CRM,Salesforce,85.0,90.0,95.0,90.0,85.0,75.0,80.0,90.0,85.0,95.0
SBAC,SBA Communications,80.0,85.0,90.0,95.0,90.0,70.0,80.0,75.0,85.0,90.0
SLB,Schlumberger,85.0,80.0,90.0,75.0,70.0,80.0,85.0,75.0,90.0,85.0
STX,Seagate Technology,85.0,90.0,80.0,75.0,80.0,70.0,85.0,70.0,85.0,90.0
SEE,Sealed Air Corporation,80.0,85.0,90.0,85.0,80.0,75.0,90.0,85.0,85.0,85.0
SRE,Sempra Energy,85.0,90.0,80.0,75.0,85.0,70.0,85.0,70.0,90.0,80.0
NOW,"ServiceNow, Inc.",90.0,95.0,85.0,90.0,85.0,90.0,90.0,95.0,90.0,90.0
SHW,Sherwin-Williams,95.0,90.0,85.0,80.0,85.0,90.0,85.0,80.0,90.0,95.0
SPG,Simon Property Group,90.0,95.0,85.0,80.0,75.0,80.0,85.0,70.0,90.0,95.0
SWKS,Skyworks Solutions,85.0,95.0,90.0,85.0,90.0,80.0,90.0,95.0,90.0,80.0
SJM,J.M. Smucker Company (The),80.0,85.0,90.0,75.0,70.0,85.0,90.0,65.0,85.0,95.0
SNA,Snap-on,85.0,90.0,80.0,75.0,80.0,75.0,85.0,80.0,90.0,85.0
SEDG,SolarEdge,85.0,90.0,80.0,90.0,85.0,70.0,75.0,90.0,80.0,85.0
SO,Southern Company,80.0,90.0,85.0,70.0,75.0,80.0,85.0,70.0,90.0,90.0
LUV,Southwest Airlines,85.0,95.0,80.0,75.0,80.0,60.0,85.0,50.0,90.0,90.0
SWK,Stanley Black & Decker,85.0,90.0,80.0,75.0,85.0,90.0,80.0,80.0,85.0,90.0
SBUX,Starbucks,80.0,90.0,85.0,75.0,85.0,70.0,80.0,75.0,90.0,95.0
STT,State Street Corporation,85.0,80.0,75.0,85.0,70.0,90.0,85.0,70.0,90.0,80.0
STLD,Steel Dynamics,90.0,85.0,80.0,75.0,90.0,70.0,80.0,65.0,80.0,75.0
STE,Steris,90.0,85.0,80.0,85.0,80.0,75.0,85.0,90.0,90.0,80.0
SYK,Stryker Corporation,90.0,85.0,80.0,75.0,85.0,80.0,85.0,90.0,80.0,90.0
SYF,Synchrony Financial,90.0,85.0,80.0,85.0,80.0,80.0,75.0,70.0,85.0,90.0
SNPS,Synopsys,85.0,90.0,95.0,90.0,90.0,80.0,90.0,95.0,90.0,85.0
SYY,Sysco Corporation,85.0,90.0,75.0,80.0,75.0,70.0,85.0,60.0,95.0,90.0
TMUS,T-Mobile US,85.0,90.0,75.0,85.0,80.0,70.0,80.0,70.0,90.0,85.0
TROW,T. Rowe Price,85.0,95.0,80.0,75.0,85.0,90.0,85.0,70.0,90.0,85.0
TTWO,Take-Two Interactive,85.0,90.0,80.0,90.0,85.0,75.0,85.0,80.0,85.0,90.0
TPR,"Tapestry, Inc.",80.0,90.0,70.0,80.0,70.0,80.0,70.0,60.0,90.0,85.0
TRGP,Targa Resources,85.0,90.0,70.0,75.0,80.0,85.0,80.0,60.0,85.0,70.0
TGT,Target Corporation,85.0,90.0,85.0,80.0,80.0,90.0,85.0,80.0,90.0,95.0
TEL,TE Connectivity,90.0,85.0,95.0,80.0,85.0,90.0,90.0,80.0,85.0,90.0
TDY,Teledyne Technologies,85.0,90.0,80.0,75.0,85.0,75.0,85.0,90.0,85.0,80.0
TFX,Teleflex,85.0,90.0,80.0,75.0,70.0,80.0,85.0,75.0,85.0,80.0
TER,Teradyne,80.0,90.0,85.0,80.0,85.0,75.0,85.0,90.0,80.0,90.0
TSLA,"Tesla, Inc.",75.0,90.0,80.0,85.0,90.0,80.0,70.0,95.0,75.0,90.0
TXN,Texas Instruments,90.0,85.0,95.0,85.0,90.0,95.0,90.0,95.0,85.0,90.0
TXT,Textron,75.0,85.0,80.0,70.0,75.0,85.0,80.0,90.0,85.0,75.0
TMO,Thermo Fisher Scientific,90.0,95.0,90.0,85.0,90.0,85.0,90.0,95.0,90.0,90.0
TJX,TJX Companies,85.0,90.0,80.0,75.0,70.0,85.0,90.0,70.0,85.0,95.0
TSCO,Tractor Supply,80.0,90.0,85.0,75.0,80.0,70.0,85.0,60.0,85.0,90.0
TT,Trane Technologies,85.0,90.0,80.0,75.0,85.0,70.0,85.0,80.0,90.0,80.0
TDG,TransDigm Group,75.0,85.0,90.0,70.0,80.0,80.0,85.0,70.0,80.0,85.0
TRV,Travelers Companies (The),95.0,90.0,85.0,80.0,90.0,80.0,90.0,75.0,85.0,90.0
TRMB,Trimble Inc.,80.0,90.0,85.0,85.0,90.0,80.0,80.0,90.0,85.0,85.0
TFC,Truist,90.0,85.0,80.0,85.0,80.0,75.0,80.0,70.0,85.0,90.0
TYL,Tyler Technologies,85.0,90.0,80.0,85.0,90.0,75.0,85.0,80.0,90.0,85.0
TSN,Tyson Foods,90.0,85.0,80.0,70.0,75.0,65.0,80.0,60.0,85.0,90.0
USB,U.S. Bank,90.0,85.0,75.0,80.0,75.0,70.0,80.0,60.0,90.0,85.0
UDR,"UDR, Inc.",80.0,85.0,75.0,70.0,80.0,70.0,85.0,60.0,90.0,75.0
ULTA,Ulta Beauty,75.0,90.0,85.0,80.0,85.0,70.0,80.0,75.0,85.0,95.0
UNP,Union Pacific Corporation,85.0,80.0,90.0,85.0,80.0,75.0,85.0,60.0,80.0,90.0
UAL,United Airlines Holdings,70.0,80.0,60.0,70.0,60.0,40.0,50.0,30.0,80.0,90.0
UPS,United Parcel Service,85.0,90.0,95.0,80.0,75.0,80.0,90.0,70.0,90.0,95.0
URI,United Rentals,85.0,90.0,80.0,75.0,80.0,65.0,80.0,70.0,85.0,90.0
UHS,Universal Health Services,85.0,80.0,75.0,70.0,80.0,75.0,80.0,70.0,90.0,85.0
VLO,Valero Energy,90.0,85.0,80.0,85.0,75.0,70.0,90.0,65.0,80.0,90.0
VTR,Ventas,80.0,90.0,85.0,75.0,70.0,75.0,85.0,60.0,90.0,80.0
VRSN,Verisign,90.0,85.0,95.0,80.0,85.0,70.0,90.0,60.0,85.0,95.0
VRSK,Verisk,90.0,95.0,85.0,80.0,85.0,75.0,90.0,80.0,90.0,85.0
VZ,Verizon,80.0,90.0,85.0,85.0,80.0,75.0,80.0,75.0,90.0,95.0
VRTX,Vertex Pharmaceuticals,90.0,95.0,90.0,85.0,80.0,70.0,90.0,95.0,90.0,85.0
VFC,VF Corporation,90.0,95.0,85.0,80.0,85.0,90.0,85.0,75.0,95.0,95.0
VTRS,Viatris,80.0,90.0,70.0,85.0,75.0,95.0,80.0,70.0,85.0,90.0
VICI,Vici Properties,90.0,85.0,80.0,85.0,85.0,70.0,80.0,70.0,90.0,80.0
V,Visa Inc.,90.0,95.0,90.0,80.0,85.0,80.0,90.0,70.0,90.0,95.0
VMC,Vulcan Materials Company,85.0,90.0,80.0,75.0,70.0,50.0,80.0,60.0,75.0,85.0
WAB,Wabtec,80.0,90.0,85.0,75.0,80.0,70.0,85.0,75.0,90.0,95.0
WMT,Walmart,90.0,85.0,80.0,70.0,75.0,85.0,90.0,60.0,80.0,95.0
WBD,Warner Bros. Discovery,85.0,90.0,85.0,80.0,90.0,90.0,85.0,80.0,90.0,95.0
WM,Waste Management,90.0,85.0,80.0,75.0,85.0,80.0,90.0,70.0,85.0,90.0
WAT,Waters Corporation,80.0,90.0,85.0,75.0,80.0,75.0,85.0,90.0,90.0,80.0
WEC,WEC Energy Group,90.0,85.0,80.0,75.0,80.0,75.0,85.0,70.0,95.0,90.0
WFC,Wells Fargo,80.0,80.0,60.0,70.0,70.0,90.0,70.0,50.0,80.0,90.0
WELL,Welltower,80.0,90.0,85.0,75.0,70.0,75.0,85.0,60.0,90.0,80.0
WST,West Pharmaceutical Services,90.0,85.0,95.0,80.0,85.0,90.0,85.0,90.0,80.0,90.0
WDC,Western Digital,75.0,85.0,90.0,80.0,75.0,85.0,80.0,80.0,85.0,90.0
WRK,WestRock,80.0,85.0,75.0,70.0,80.0,90.0,85.0,70.0,75.0,80.0
WY,Weyerhaeuser,85.0,90.0,80.0,75.0,70.0,80.0,85.0,60.0,90.0,75.0
WHR,Whirlpool Corporation,80.0,75.0,85.0,70.0,75.0,90.0,80.0,85.0,80.0,90.0
WMB,Williams Companies,80.0,90.0,85.0,75.0,80.0,70.0,75.0,65.0,90.0,80.0
WTW,Willis Towers Watson,85.0,80.0,85.0,90.0,90.0,80.0,75.0,70.0,85.0,90.0
GWW,W. W. Grainger,90.0,85.0,80.0,75.0,80.0,85.0,90.0,70.0,80.0,95.0
WYNN,Wynn Resorts,80.0,90.0,85.0,90.0,85.0,80.0,80.0,70.0,90.0,95.0
XEL,Xcel Energy,90.0,85.0,75.0,80.0,85.0,70.0,90.0,60.0,85.0,75.0
XYL,Xylem Inc.,85.0,90.0,80.0,85.0,90.0,75.0,90.0,85.0,85.0,80.0
YUM,Yum! Brands,85.0,90.0,85.0,80.0,90.0,95.0,85.0,75.0,90.0,95.0
ZBRA,Zebra Technologies,80.0,75.0,85.0,85.0,90.0,70.0,80.0,85.0,80.0,90.0
ZBH,Zimmer Biomet,85.0,90.0,90.0,85.0,85.0,80.0,80.0,90.0,85.0,80.0
ZION,Zions Bancorporation,85.0,80.0,75.0,80.0,70.0,75.0,70.0,60.0,85.0,80.0
ZTS,Zoetis,90.0,95.0,90.0,85.0,85.0,80.0,90.0,80.0,90.0,85.0
BALL,Ball Corporation,85.0,90.0,80.0,75.0,70.0,85.0,80.0,75.0,85.0,90.0
CCL,Carnival,75.0,80.0,70.0,80.0,65.0,70.0,60.0,50.0,75.0,85.0
DXCM,Dexcom,80.0,95.0,90.0,85.0,90.0,75.0,90.0,95.0,90.0,85.0
HST,Host Hotels & Resorts,90.0,80.0,70.0,60.0,80.0,70.0,80.0,50.0,90.0,90.0
IBM,IBM Corporation,85.0,95.0,90.0,80.0,80.0,85.0,80.0,90.0,90.0,95.0
INVH,Invitation Homes,85.0,90.0,80.0,85.0,80.0,75.0,85.0,70.0,90.0,80.0
KMI,Kinder Morgan,85.0,90.0,80.0,75.0,70.0,70.0,80.0,60.0,85.0,80.0
LKQ,LKQ Corporation,80.0,85.0,75.0,70.0,75.0,80.0,85.0,70.0,90.0,80.0
OGN,Organon & Co.,85.0,90.0,85.0,80.0,70.0,75.0,80.0,85.0,90.0,85.0
PM,Philip Morris International,85.0,90.0,80.0,75.0,70.0,65.0,70.0,60.0,85.0,95.0
EIX,Edison International,85.0,90.0,75.0,80.0,70.0,50.0,65.0,60.0,85.0,80.0
